{
  "rmse_log": 0.8337011655694473,
  "r2_log": 0.8495125215354791,
  "r2_raw": 0.8210347239438712,
  "hit": {
    "pm5": 0.09889540904383845,
    "pm10": 0.20124266482568173,
    "pm15": 0.29461511908871246,
    "pm20": 0.3772868484639282,
    "pm30": 0.5253710735243355
  },
  "median_ape": 0.2811868338434164
}