group,members,n,n_test,R2,MAPE
entertainment,"1,23,24,43",14635,2927,0.9756316795915335,34.72349214771641
howto_edu,"26,27",5520,1104,0.9278338709838571,21.41430060281209
music,10,5275,1055,0.9881077675364986,25.515296995588045
news_sci,"25,28",4617,924,0.9642915974420353,52.925355923327565
blog_pets,"15,22",3694,739,0.9875033162416392,26.521921965902873
sports,17,1998,400,0.9790432796197308,34.25261718219476
hobby_other,"2,19,29",783,157,0.9993912725529936,24.003191836632404
gaming,20,714,143,0.9855296534752305,13.186504534716528
