model,R2_real,R2_log,R2_log_std,RMSE,MAE,MAPE
pretime_rf (no leak),0.9555972433064462,0.9384398766166907,0.009793095094823885,48212.07654846062,10091.218504174147,539.5631032571844
